"Column Name","Label"
"GEO_ID","Geography"
"NAME","Geographic Area Name"
"P2_001N"," !!Total:"
"P2_001NA","Annotation of  !!Total:"
"P2_002N"," !!Total:!!Hispanic or Latino"
"P2_002NA","Annotation of  !!Total:!!Hispanic or Latino"
"P2_003N"," !!Total:!!Not Hispanic or Latino:"
"P2_003NA","Annotation of  !!Total:!!Not Hispanic or Latino:"
"P2_004N"," !!Total:!!Not Hispanic or Latino:!!Population of one race:"
"P2_004NA","Annotation of  !!Total:!!Not Hispanic or Latino:!!Population of one race:"
"P2_005N"," !!Total:!!Not Hispanic or Latino:!!Population of one race:!!White alone"
"P2_005NA","Annotation of  !!Total:!!Not Hispanic or Latino:!!Population of one race:!!White alone"
"P2_006N"," !!Total:!!Not Hispanic or Latino:!!Population of one race:!!Black or African American alone"
"P2_006NA","Annotation of  !!Total:!!Not Hispanic or Latino:!!Population of one race:!!Black or African American alone"
"P2_007N"," !!Total:!!Not Hispanic or Latino:!!Population of one race:!!American Indian and Alaska Native alone"
"P2_007NA","Annotation of  !!Total:!!Not Hispanic or Latino:!!Population of one race:!!American Indian and Alaska Native alone"
"P2_008N"," !!Total:!!Not Hispanic or Latino:!!Population of one race:!!Asian alone"
"P2_008NA","Annotation of  !!Total:!!Not Hispanic or Latino:!!Population of one race:!!Asian alone"
"P2_009N"," !!Total:!!Not Hispanic or Latino:!!Population of one race:!!Native Hawaiian and Other Pacific Islander alone"
"P2_009NA","Annotation of  !!Total:!!Not Hispanic or Latino:!!Population of one race:!!Native Hawaiian and Other Pacific Islander alone"
"P2_010N"," !!Total:!!Not Hispanic or Latino:!!Population of one race:!!Some Other Race alone"
"P2_010NA","Annotation of  !!Total:!!Not Hispanic or Latino:!!Population of one race:!!Some Other Race alone"
"P2_011N"," !!Total:!!Not Hispanic or Latino:!!Population of two or more races:"
"P2_011NA","Annotation of  !!Total:!!Not Hispanic or Latino:!!Population of two or more races:"
"P2_012N"," !!Total:!!Not Hispanic or Latino:!!Population of two or more races:!!Population of two races:"
"P2_012NA","Annotation of  !!Total:!!Not Hispanic or Latino:!!Population of two or more races:!!Population of two races:"
"P2_013N"," !!Total:!!Not Hispanic or Latino:!!Population of two or more races:!!Population of two races:!!White; Black or African American"
"P2_013NA","Annotation of  !!Total:!!Not Hispanic or Latino:!!Population of two or more races:!!Population of two races:!!White; Black or African American"
"P2_014N"," !!Total:!!Not Hispanic or Latino:!!Population of two or more races:!!Population of two races:!!White; American Indian and Alaska Native"
"P2_014NA","Annotation of  !!Total:!!Not Hispanic or Latino:!!Population of two or more races:!!Population of two races:!!White; American Indian and Alaska Native"
"P2_015N"," !!Total:!!Not Hispanic or Latino:!!Population of two or more races:!!Population of two races:!!White; Asian"
"P2_015NA","Annotation of  !!Total:!!Not Hispanic or Latino:!!Population of two or more races:!!Population of two races:!!White; Asian"
"P2_016N"," !!Total:!!Not Hispanic or Latino:!!Population of two or more races:!!Population of two races:!!White; Native Hawaiian and Other Pacific Islander"
"P2_016NA","Annotation of  !!Total:!!Not Hispanic or Latino:!!Population of two or more races:!!Population of two races:!!White; Native Hawaiian and Other Pacific Islander"
"P2_017N"," !!Total:!!Not Hispanic or Latino:!!Population of two or more races:!!Population of two races:!!White; Some Other Race"
"P2_017NA","Annotation of  !!Total:!!Not Hispanic or Latino:!!Population of two or more races:!!Population of two races:!!White; Some Other Race"
"P2_018N"," !!Total:!!Not Hispanic or Latino:!!Population of two or more races:!!Population of two races:!!Black or African American; American Indian and Alaska Native"
"P2_018NA","Annotation of  !!Total:!!Not Hispanic or Latino:!!Population of two or more races:!!Population of two races:!!Black or African American; American Indian and Alaska Native"
"P2_019N"," !!Total:!!Not Hispanic or Latino:!!Population of two or more races:!!Population of two races:!!Black or African American; Asian"
"P2_019NA","Annotation of  !!Total:!!Not Hispanic or Latino:!!Population of two or more races:!!Population of two races:!!Black or African American; Asian"
"P2_020N"," !!Total:!!Not Hispanic or Latino:!!Population of two or more races:!!Population of two races:!!Black or African American; Native Hawaiian and Other Pacific Islander"
"P2_020NA","Annotation of  !!Total:!!Not Hispanic or Latino:!!Population of two or more races:!!Population of two races:!!Black or African American; Native Hawaiian and Other Pacific Islander"
"P2_021N"," !!Total:!!Not Hispanic or Latino:!!Population of two or more races:!!Population of two races:!!Black or African American; Some Other Race"
"P2_021NA","Annotation of  !!Total:!!Not Hispanic or Latino:!!Population of two or more races:!!Population of two races:!!Black or African American; Some Other Race"
"P2_022N"," !!Total:!!Not Hispanic or Latino:!!Population of two or more races:!!Population of two races:!!American Indian and Alaska Native; Asian"
"P2_022NA","Annotation of  !!Total:!!Not Hispanic or Latino:!!Population of two or more races:!!Population of two races:!!American Indian and Alaska Native; Asian"
"P2_023N"," !!Total:!!Not Hispanic or Latino:!!Population of two or more races:!!Population of two races:!!American Indian and Alaska Native; Native Hawaiian and Other Pacific Islander"
"P2_023NA","Annotation of  !!Total:!!Not Hispanic or Latino:!!Population of two or more races:!!Population of two races:!!American Indian and Alaska Native; Native Hawaiian and Other Pacific Islander"
"P2_024N"," !!Total:!!Not Hispanic or Latino:!!Population of two or more races:!!Population of two races:!!American Indian and Alaska Native; Some Other Race"
"P2_024NA","Annotation of  !!Total:!!Not Hispanic or Latino:!!Population of two or more races:!!Population of two races:!!American Indian and Alaska Native; Some Other Race"
"P2_025N"," !!Total:!!Not Hispanic or Latino:!!Population of two or more races:!!Population of two races:!!Asian; Native Hawaiian and Other Pacific Islander"
"P2_025NA","Annotation of  !!Total:!!Not Hispanic or Latino:!!Population of two or more races:!!Population of two races:!!Asian; Native Hawaiian and Other Pacific Islander"
"P2_026N"," !!Total:!!Not Hispanic or Latino:!!Population of two or more races:!!Population of two races:!!Asian; Some Other Race"
"P2_026NA","Annotation of  !!Total:!!Not Hispanic or Latino:!!Population of two or more races:!!Population of two races:!!Asian; Some Other Race"
"P2_027N"," !!Total:!!Not Hispanic or Latino:!!Population of two or more races:!!Population of two races:!!Native Hawaiian and Other Pacific Islander; Some Other Race"
"P2_027NA","Annotation of  !!Total:!!Not Hispanic or Latino:!!Population of two or more races:!!Population of two races:!!Native Hawaiian and Other Pacific Islander; Some Other Race"
"P2_028N"," !!Total:!!Not Hispanic or Latino:!!Population of two or more races:!!Population of three races:"
"P2_028NA","Annotation of  !!Total:!!Not Hispanic or Latino:!!Population of two or more races:!!Population of three races:"
"P2_029N"," !!Total:!!Not Hispanic or Latino:!!Population of two or more races:!!Population of three races:!!White; Black or African American; American Indian and Alaska Native"
"P2_029NA","Annotation of  !!Total:!!Not Hispanic or Latino:!!Population of two or more races:!!Population of three races:!!White; Black or African American; American Indian and Alaska Native"
"P2_030N"," !!Total:!!Not Hispanic or Latino:!!Population of two or more races:!!Population of three races:!!White; Black or African American; Asian"
"P2_030NA","Annotation of  !!Total:!!Not Hispanic or Latino:!!Population of two or more races:!!Population of three races:!!White; Black or African American; Asian"
"P2_031N"," !!Total:!!Not Hispanic or Latino:!!Population of two or more races:!!Population of three races:!!White; Black or African American; Native Hawaiian and Other Pacific Islander"
"P2_031NA","Annotation of  !!Total:!!Not Hispanic or Latino:!!Population of two or more races:!!Population of three races:!!White; Black or African American; Native Hawaiian and Other Pacific Islander"
"P2_032N"," !!Total:!!Not Hispanic or Latino:!!Population of two or more races:!!Population of three races:!!White; Black or African American; Some Other Race"
"P2_032NA","Annotation of  !!Total:!!Not Hispanic or Latino:!!Population of two or more races:!!Population of three races:!!White; Black or African American; Some Other Race"
"P2_033N"," !!Total:!!Not Hispanic or Latino:!!Population of two or more races:!!Population of three races:!!White; American Indian and Alaska Native; Asian"
"P2_033NA","Annotation of  !!Total:!!Not Hispanic or Latino:!!Population of two or more races:!!Population of three races:!!White; American Indian and Alaska Native; Asian"
"P2_034N"," !!Total:!!Not Hispanic or Latino:!!Population of two or more races:!!Population of three races:!!White; American Indian and Alaska Native; Native Hawaiian and Other Pacific Islander"
"P2_034NA","Annotation of  !!Total:!!Not Hispanic or Latino:!!Population of two or more races:!!Population of three races:!!White; American Indian and Alaska Native; Native Hawaiian and Other Pacific Islander"
"P2_035N"," !!Total:!!Not Hispanic or Latino:!!Population of two or more races:!!Population of three races:!!White; American Indian and Alaska Native; Some Other Race"
"P2_035NA","Annotation of  !!Total:!!Not Hispanic or Latino:!!Population of two or more races:!!Population of three races:!!White; American Indian and Alaska Native; Some Other Race"
"P2_036N"," !!Total:!!Not Hispanic or Latino:!!Population of two or more races:!!Population of three races:!!White; Asian; Native Hawaiian and Other Pacific Islander"
"P2_036NA","Annotation of  !!Total:!!Not Hispanic or Latino:!!Population of two or more races:!!Population of three races:!!White; Asian; Native Hawaiian and Other Pacific Islander"
"P2_037N"," !!Total:!!Not Hispanic or Latino:!!Population of two or more races:!!Population of three races:!!White; Asian; Some Other Race"
"P2_037NA","Annotation of  !!Total:!!Not Hispanic or Latino:!!Population of two or more races:!!Population of three races:!!White; Asian; Some Other Race"
"P2_038N"," !!Total:!!Not Hispanic or Latino:!!Population of two or more races:!!Population of three races:!!White; Native Hawaiian and Other Pacific Islander; Some Other Race"
"P2_038NA","Annotation of  !!Total:!!Not Hispanic or Latino:!!Population of two or more races:!!Population of three races:!!White; Native Hawaiian and Other Pacific Islander; Some Other Race"
"P2_039N"," !!Total:!!Not Hispanic or Latino:!!Population of two or more races:!!Population of three races:!!Black or African American; American Indian and Alaska Native; Asian"
"P2_039NA","Annotation of  !!Total:!!Not Hispanic or Latino:!!Population of two or more races:!!Population of three races:!!Black or African American; American Indian and Alaska Native; Asian"
"P2_040N"," !!Total:!!Not Hispanic or Latino:!!Population of two or more races:!!Population of three races:!!Black or African American; American Indian and Alaska Native; Native Hawaiian and Other Pacific Islander"
"P2_040NA","Annotation of  !!Total:!!Not Hispanic or Latino:!!Population of two or more races:!!Population of three races:!!Black or African American; American Indian and Alaska Native; Native Hawaiian and Other Pacific Islander"
"P2_041N"," !!Total:!!Not Hispanic or Latino:!!Population of two or more races:!!Population of three races:!!Black or African American; American Indian and Alaska Native; Some Other Race"
"P2_041NA","Annotation of  !!Total:!!Not Hispanic or Latino:!!Population of two or more races:!!Population of three races:!!Black or African American; American Indian and Alaska Native; Some Other Race"
"P2_042N"," !!Total:!!Not Hispanic or Latino:!!Population of two or more races:!!Population of three races:!!Black or African American; Asian; Native Hawaiian and Other Pacific Islander"
"P2_042NA","Annotation of  !!Total:!!Not Hispanic or Latino:!!Population of two or more races:!!Population of three races:!!Black or African American; Asian; Native Hawaiian and Other Pacific Islander"
"P2_043N"," !!Total:!!Not Hispanic or Latino:!!Population of two or more races:!!Population of three races:!!Black or African American; Asian; Some Other Race"
"P2_043NA","Annotation of  !!Total:!!Not Hispanic or Latino:!!Population of two or more races:!!Population of three races:!!Black or African American; Asian; Some Other Race"
"P2_044N"," !!Total:!!Not Hispanic or Latino:!!Population of two or more races:!!Population of three races:!!Black or African American; Native Hawaiian and Other Pacific Islander; Some Other Race"
"P2_044NA","Annotation of  !!Total:!!Not Hispanic or Latino:!!Population of two or more races:!!Population of three races:!!Black or African American; Native Hawaiian and Other Pacific Islander; Some Other Race"
"P2_045N"," !!Total:!!Not Hispanic or Latino:!!Population of two or more races:!!Population of three races:!!American Indian and Alaska Native; Asian; Native Hawaiian and Other Pacific Islander"
"P2_045NA","Annotation of  !!Total:!!Not Hispanic or Latino:!!Population of two or more races:!!Population of three races:!!American Indian and Alaska Native; Asian; Native Hawaiian and Other Pacific Islander"
"P2_046N"," !!Total:!!Not Hispanic or Latino:!!Population of two or more races:!!Population of three races:!!American Indian and Alaska Native; Asian; Some Other Race"
"P2_046NA","Annotation of  !!Total:!!Not Hispanic or Latino:!!Population of two or more races:!!Population of three races:!!American Indian and Alaska Native; Asian; Some Other Race"
"P2_047N"," !!Total:!!Not Hispanic or Latino:!!Population of two or more races:!!Population of three races:!!American Indian and Alaska Native; Native Hawaiian and Other Pacific Islander; Some Other Race"
"P2_047NA","Annotation of  !!Total:!!Not Hispanic or Latino:!!Population of two or more races:!!Population of three races:!!American Indian and Alaska Native; Native Hawaiian and Other Pacific Islander; Some Other Race"
"P2_048N"," !!Total:!!Not Hispanic or Latino:!!Population of two or more races:!!Population of three races:!!Asian; Native Hawaiian and Other Pacific Islander; Some Other Race"
"P2_048NA","Annotation of  !!Total:!!Not Hispanic or Latino:!!Population of two or more races:!!Population of three races:!!Asian; Native Hawaiian and Other Pacific Islander; Some Other Race"
"P2_049N"," !!Total:!!Not Hispanic or Latino:!!Population of two or more races:!!Population of four races:"
"P2_049NA","Annotation of  !!Total:!!Not Hispanic or Latino:!!Population of two or more races:!!Population of four races:"
"P2_050N"," !!Total:!!Not Hispanic or Latino:!!Population of two or more races:!!Population of four races:!!White; Black or African American; American Indian and Alaska Native; Asian"
"P2_050NA","Annotation of  !!Total:!!Not Hispanic or Latino:!!Population of two or more races:!!Population of four races:!!White; Black or African American; American Indian and Alaska Native; Asian"
"P2_051N"," !!Total:!!Not Hispanic or Latino:!!Population of two or more races:!!Population of four races:!!White; Black or African American; American Indian and Alaska Native; Native Hawaiian and Other Pacific Islander"
"P2_051NA","Annotation of  !!Total:!!Not Hispanic or Latino:!!Population of two or more races:!!Population of four races:!!White; Black or African American; American Indian and Alaska Native; Native Hawaiian and Other Pacific Islander"
"P2_052N"," !!Total:!!Not Hispanic or Latino:!!Population of two or more races:!!Population of four races:!!White; Black or African American; American Indian and Alaska Native; Some Other Race"
"P2_052NA","Annotation of  !!Total:!!Not Hispanic or Latino:!!Population of two or more races:!!Population of four races:!!White; Black or African American; American Indian and Alaska Native; Some Other Race"
"P2_053N"," !!Total:!!Not Hispanic or Latino:!!Population of two or more races:!!Population of four races:!!White; Black or African American; Asian; Native Hawaiian and Other Pacific Islander"
"P2_053NA","Annotation of  !!Total:!!Not Hispanic or Latino:!!Population of two or more races:!!Population of four races:!!White; Black or African American; Asian; Native Hawaiian and Other Pacific Islander"
"P2_054N"," !!Total:!!Not Hispanic or Latino:!!Population of two or more races:!!Population of four races:!!White; Black or African American; Asian; Some Other Race"
"P2_054NA","Annotation of  !!Total:!!Not Hispanic or Latino:!!Population of two or more races:!!Population of four races:!!White; Black or African American; Asian; Some Other Race"
"P2_055N"," !!Total:!!Not Hispanic or Latino:!!Population of two or more races:!!Population of four races:!!White; Black or African American; Native Hawaiian and Other Pacific Islander; Some Other Race"
"P2_055NA","Annotation of  !!Total:!!Not Hispanic or Latino:!!Population of two or more races:!!Population of four races:!!White; Black or African American; Native Hawaiian and Other Pacific Islander; Some Other Race"
"P2_056N"," !!Total:!!Not Hispanic or Latino:!!Population of two or more races:!!Population of four races:!!White; American Indian and Alaska Native; Asian; Native Hawaiian and Other Pacific Islander"
"P2_056NA","Annotation of  !!Total:!!Not Hispanic or Latino:!!Population of two or more races:!!Population of four races:!!White; American Indian and Alaska Native; Asian; Native Hawaiian and Other Pacific Islander"
"P2_057N"," !!Total:!!Not Hispanic or Latino:!!Population of two or more races:!!Population of four races:!!White; American Indian and Alaska Native; Asian; Some Other Race"
"P2_057NA","Annotation of  !!Total:!!Not Hispanic or Latino:!!Population of two or more races:!!Population of four races:!!White; American Indian and Alaska Native; Asian; Some Other Race"
"P2_058N"," !!Total:!!Not Hispanic or Latino:!!Population of two or more races:!!Population of four races:!!White; American Indian and Alaska Native; Native Hawaiian and Other Pacific Islander; Some Other Race"
"P2_058NA","Annotation of  !!Total:!!Not Hispanic or Latino:!!Population of two or more races:!!Population of four races:!!White; American Indian and Alaska Native; Native Hawaiian and Other Pacific Islander; Some Other Race"
"P2_059N"," !!Total:!!Not Hispanic or Latino:!!Population of two or more races:!!Population of four races:!!White; Asian; Native Hawaiian and Other Pacific Islander; Some Other Race"
"P2_059NA","Annotation of  !!Total:!!Not Hispanic or Latino:!!Population of two or more races:!!Population of four races:!!White; Asian; Native Hawaiian and Other Pacific Islander; Some Other Race"
"P2_060N"," !!Total:!!Not Hispanic or Latino:!!Population of two or more races:!!Population of four races:!!Black or African American; American Indian and Alaska Native; Asian; Native Hawaiian and Other Pacific Islander"
"P2_060NA","Annotation of  !!Total:!!Not Hispanic or Latino:!!Population of two or more races:!!Population of four races:!!Black or African American; American Indian and Alaska Native; Asian; Native Hawaiian and Other Pacific Islander"
"P2_061N"," !!Total:!!Not Hispanic or Latino:!!Population of two or more races:!!Population of four races:!!Black or African American; American Indian and Alaska Native; Asian; Some Other Race"
"P2_061NA","Annotation of  !!Total:!!Not Hispanic or Latino:!!Population of two or more races:!!Population of four races:!!Black or African American; American Indian and Alaska Native; Asian; Some Other Race"
"P2_062N"," !!Total:!!Not Hispanic or Latino:!!Population of two or more races:!!Population of four races:!!Black or African American; American Indian and Alaska Native; Native Hawaiian and Other Pacific Islander; Some Other Race"
"P2_062NA","Annotation of  !!Total:!!Not Hispanic or Latino:!!Population of two or more races:!!Population of four races:!!Black or African American; American Indian and Alaska Native; Native Hawaiian and Other Pacific Islander; Some Other Race"
"P2_063N"," !!Total:!!Not Hispanic or Latino:!!Population of two or more races:!!Population of four races:!!Black or African American; Asian; Native Hawaiian and Other Pacific Islander; Some Other Race"
"P2_063NA","Annotation of  !!Total:!!Not Hispanic or Latino:!!Population of two or more races:!!Population of four races:!!Black or African American; Asian; Native Hawaiian and Other Pacific Islander; Some Other Race"
"P2_064N"," !!Total:!!Not Hispanic or Latino:!!Population of two or more races:!!Population of four races:!!American Indian and Alaska Native; Asian; Native Hawaiian and Other Pacific Islander; Some Other Race"
"P2_064NA","Annotation of  !!Total:!!Not Hispanic or Latino:!!Population of two or more races:!!Population of four races:!!American Indian and Alaska Native; Asian; Native Hawaiian and Other Pacific Islander; Some Other Race"
"P2_065N"," !!Total:!!Not Hispanic or Latino:!!Population of two or more races:!!Population of five races:"
"P2_065NA","Annotation of  !!Total:!!Not Hispanic or Latino:!!Population of two or more races:!!Population of five races:"
"P2_066N"," !!Total:!!Not Hispanic or Latino:!!Population of two or more races:!!Population of five races:!!White; Black or African American; American Indian and Alaska Native; Asian; Native Hawaiian and Other Pacific Islander"
"P2_066NA","Annotation of  !!Total:!!Not Hispanic or Latino:!!Population of two or more races:!!Population of five races:!!White; Black or African American; American Indian and Alaska Native; Asian; Native Hawaiian and Other Pacific Islander"
"P2_067N"," !!Total:!!Not Hispanic or Latino:!!Population of two or more races:!!Population of five races:!!White; Black or African American; American Indian and Alaska Native; Asian; Some Other Race"
"P2_067NA","Annotation of  !!Total:!!Not Hispanic or Latino:!!Population of two or more races:!!Population of five races:!!White; Black or African American; American Indian and Alaska Native; Asian; Some Other Race"
"P2_068N"," !!Total:!!Not Hispanic or Latino:!!Population of two or more races:!!Population of five races:!!White; Black or African American; American Indian and Alaska Native; Native Hawaiian and Other Pacific Islander; Some Other Race"
"P2_068NA","Annotation of  !!Total:!!Not Hispanic or Latino:!!Population of two or more races:!!Population of five races:!!White; Black or African American; American Indian and Alaska Native; Native Hawaiian and Other Pacific Islander; Some Other Race"
"P2_069N"," !!Total:!!Not Hispanic or Latino:!!Population of two or more races:!!Population of five races:!!White; Black or African American; Asian; Native Hawaiian and Other Pacific Islander; Some Other Race"
"P2_069NA","Annotation of  !!Total:!!Not Hispanic or Latino:!!Population of two or more races:!!Population of five races:!!White; Black or African American; Asian; Native Hawaiian and Other Pacific Islander; Some Other Race"
"P2_070N"," !!Total:!!Not Hispanic or Latino:!!Population of two or more races:!!Population of five races:!!White; American Indian and Alaska Native; Asian; Native Hawaiian and Other Pacific Islander; Some Other Race"
"P2_070NA","Annotation of  !!Total:!!Not Hispanic or Latino:!!Population of two or more races:!!Population of five races:!!White; American Indian and Alaska Native; Asian; Native Hawaiian and Other Pacific Islander; Some Other Race"
"P2_071N"," !!Total:!!Not Hispanic or Latino:!!Population of two or more races:!!Population of five races:!!Black or African American; American Indian and Alaska Native; Asian; Native Hawaiian and Other Pacific Islander; Some Other Race"
"P2_071NA","Annotation of  !!Total:!!Not Hispanic or Latino:!!Population of two or more races:!!Population of five races:!!Black or African American; American Indian and Alaska Native; Asian; Native Hawaiian and Other Pacific Islander; Some Other Race"
"P2_072N"," !!Total:!!Not Hispanic or Latino:!!Population of two or more races:!!Population of six races:"
"P2_072NA","Annotation of  !!Total:!!Not Hispanic or Latino:!!Population of two or more races:!!Population of six races:"
"P2_073N"," !!Total:!!Not Hispanic or Latino:!!Population of two or more races:!!Population of six races:!!White; Black or African American; American Indian and Alaska Native; Asian; Native Hawaiian and Other Pacific Islander; Some Other Race"
"P2_073NA","Annotation of  !!Total:!!Not Hispanic or Latino:!!Population of two or more races:!!Population of six races:!!White; Black or African American; American Indian and Alaska Native; Asian; Native Hawaiian and Other Pacific Islander; Some Other Race"
